{
  "0": [
    [
      1333.480712890625,
      0.0,
      259.0
    ],
    [
      0.0,
      1333.480712890625,
      259.0
    ],
    [
      0.0,
      0.0,
      1.0
    ]
  ],
  "1": [
    [
      1336.0147705078125,
      0.0,
      259.0
    ],
    [
      0.0,
      1336.0147705078125,
      259.0
    ],
    [
      0.0,
      0.0,
      1.0
    ]
  ],
  "2": [
    [
      1343.962890625,
      0.0,
      259.0
    ],
    [
      0.0,
      1343.962890625,
      259.0
    ],
    [
      0.0,
      0.0,
      1.0
    ]
  ],
  "3": [
    [
      1350.709716796875,
      0.0,
      259.0
    ],
    [
      0.0,
      1350.709716796875,
      259.0
    ],
    [
      0.0,
      0.0,
      1.0
    ]
  ],
  "4": [
    [
      1333.982666015625,
      0.0,
      259.0
    ],
    [
      0.0,
      1333.982666015625,
      259.0
    ],
    [
      0.0,
      0.0,
      1.0
    ]
  ],
  "5": [
    [
      1328.422119140625,
      0.0,
      259.0
    ],
    [
      0.0,
      1328.422119140625,
      259.0
    ],
    [
      0.0,
      0.0,
      1.0
    ]
  ],
  "6": [
    [
      1332.4730224609375,
      0.0,
      259.0
    ],
    [
      0.0,
      1332.4730224609375,
      259.0
    ],
    [
      0.0,
      0.0,
      1.0
    ]
  ],
  "7": [
    [
      1334.156982421875,
      0.0,
      259.0
    ],
    [
      0.0,
      1334.156982421875,
      259.0
    ],
    [
      0.0,
      0.0,
      1.0
    ]
  ],
  "8": [
    [
      1330.8328857421875,
      0.0,
      259.0
    ],
    [
      0.0,
      1330.8328857421875,
      259.0
    ],
    [
      0.0,
      0.0,
      1.0
    ]
  ],
  "9": [
    [
      1336.1536865234375,
      0.0,
      259.0
    ],
    [
      0.0,
      1336.1536865234375,
      259.0
    ],
    [
      0.0,
      0.0,
      1.0
    ]
  ],
  "10": [
    [
      1336.1102294921875,
      0.0,
      259.0
    ],
    [
      0.0,
      1336.1102294921875,
      259.0
    ],
    [
      0.0,
      0.0,
      1.0
    ]
  ],
  "11": [
    [
      1337.48583984375,
      0.0,
      259.0
    ],
    [
      0.0,
      1337.48583984375,
      259.0
    ],
    [
      0.0,
      0.0,
      1.0
    ]
  ],
  "12": [
    [
      1336.0152587890625,
      0.0,
      259.0
    ],
    [
      0.0,
      1336.0152587890625,
      259.0
    ],
    [
      0.0,
      0.0,
      1.0
    ]
  ],
  "13": [
    [
      1334.166748046875,
      0.0,
      259.0
    ],
    [
      0.0,
      1334.166748046875,
      259.0
    ],
    [
      0.0,
      0.0,
      1.0
    ]
  ],
  "14": [
    [
      1337.0008544921875,
      0.0,
      259.0
    ],
    [
      0.0,
      1337.0008544921875,
      259.0
    ],
    [
      0.0,
      0.0,
      1.0
    ]
  ],
  "15": [
    [
      1336.9783935546875,
      0.0,
      259.0
    ],
    [
      0.0,
      1336.9783935546875,
      259.0
    ],
    [
      0.0,
      0.0,
      1.0
    ]
  ],
  "16": [
    [
      1337.056884765625,
      0.0,
      259.0
    ],
    [
      0.0,
      1337.056884765625,
      259.0
    ],
    [
      0.0,
      0.0,
      1.0
    ]
  ],
  "17": [
    [
      1329.2886962890625,
      0.0,
      259.0
    ],
    [
      0.0,
      1329.2886962890625,
      259.0
    ],
    [
      0.0,
      0.0,
      1.0
    ]
  ],
  "18": [
    [
      1333.1717529296875,
      0.0,
      259.0
    ],
    [
      0.0,
      1333.1717529296875,
      259.0
    ],
    [
      0.0,
      0.0,
      1.0
    ]
  ],
  "19": [
    [
      1334.5135498046875,
      0.0,
      259.0
    ],
    [
      0.0,
      1334.5135498046875,
      259.0
    ],
    [
      0.0,
      0.0,
      1.0
    ]
  ],
  "20": [
    [
      1334.0933837890625,
      0.0,
      259.0
    ],
    [
      0.0,
      1334.0933837890625,
      259.0
    ],
    [
      0.0,
      0.0,
      1.0
    ]
  ],
  "21": [
    [
      1333.552978515625,
      0.0,
      259.0
    ],
    [
      0.0,
      1333.552978515625,
      259.0
    ],
    [
      0.0,
      0.0,
      1.0
    ]
  ],
  "22": [
    [
      1340.589599609375,
      0.0,
      259.0
    ],
    [
      0.0,
      1340.589599609375,
      259.0
    ],
    [
      0.0,
      0.0,
      1.0
    ]
  ],
  "23": [
    [
      1338.9385986328125,
      0.0,
      259.0
    ],
    [
      0.0,
      1338.9385986328125,
      259.0
    ],
    [
      0.0,
      0.0,
      1.0
    ]
  ],
  "24": [
    [
      1333.25244140625,
      0.0,
      259.0
    ],
    [
      0.0,
      1333.25244140625,
      259.0
    ],
    [
      0.0,
      0.0,
      1.0
    ]
  ]
}