{
  "0": [
    [
      1977.3616943359375,
      0.0,
      259.0
    ],
    [
      0.0,
      1977.3616943359375,
      259.0
    ],
    [
      0.0,
      0.0,
      1.0
    ]
  ],
  "1": [
    [
      1943.59033203125,
      0.0,
      259.0
    ],
    [
      0.0,
      1943.59033203125,
      259.0
    ],
    [
      0.0,
      0.0,
      1.0
    ]
  ],
  "2": [
    [
      1941.16552734375,
      0.0,
      259.0
    ],
    [
      0.0,
      1941.16552734375,
      259.0
    ],
    [
      0.0,
      0.0,
      1.0
    ]
  ],
  "3": [
    [
      1931.2054443359375,
      0.0,
      259.0
    ],
    [
      0.0,
      1931.2054443359375,
      259.0
    ],
    [
      0.0,
      0.0,
      1.0
    ]
  ],
  "4": [
    [
      1937.3216552734375,
      0.0,
      259.0
    ],
    [
      0.0,
      1937.3216552734375,
      259.0
    ],
    [
      0.0,
      0.0,
      1.0
    ]
  ],
  "5": [
    [
      1931.61962890625,
      0.0,
      259.0
    ],
    [
      0.0,
      1931.61962890625,
      259.0
    ],
    [
      0.0,
      0.0,
      1.0
    ]
  ],
  "6": [
    [
      1936.4986572265625,
      0.0,
      259.0
    ],
    [
      0.0,
      1936.4986572265625,
      259.0
    ],
    [
      0.0,
      0.0,
      1.0
    ]
  ],
  "7": [
    [
      1929.8577880859375,
      0.0,
      259.0
    ],
    [
      0.0,
      1929.8577880859375,
      259.0
    ],
    [
      0.0,
      0.0,
      1.0
    ]
  ],
  "8": [
    [
      1936.8863525390625,
      0.0,
      259.0
    ],
    [
      0.0,
      1936.8863525390625,
      259.0
    ],
    [
      0.0,
      0.0,
      1.0
    ]
  ],
  "9": [
    [
      1937.0760498046875,
      0.0,
      259.0
    ],
    [
      0.0,
      1937.0760498046875,
      259.0
    ],
    [
      0.0,
      0.0,
      1.0
    ]
  ],
  "10": [
    [
      1937.326171875,
      0.0,
      259.0
    ],
    [
      0.0,
      1937.326171875,
      259.0
    ],
    [
      0.0,
      0.0,
      1.0
    ]
  ],
  "11": [
    [
      1933.38623046875,
      0.0,
      259.0
    ],
    [
      0.0,
      1933.38623046875,
      259.0
    ],
    [
      0.0,
      0.0,
      1.0
    ]
  ],
  "12": [
    [
      1931.749267578125,
      0.0,
      259.0
    ],
    [
      0.0,
      1931.749267578125,
      259.0
    ],
    [
      0.0,
      0.0,
      1.0
    ]
  ],
  "13": [
    [
      1932.3359375,
      0.0,
      259.0
    ],
    [
      0.0,
      1932.3359375,
      259.0
    ],
    [
      0.0,
      0.0,
      1.0
    ]
  ],
  "14": [
    [
      1928.737060546875,
      0.0,
      259.0
    ],
    [
      0.0,
      1928.737060546875,
      259.0
    ],
    [
      0.0,
      0.0,
      1.0
    ]
  ],
  "15": [
    [
      1936.92138671875,
      0.0,
      259.0
    ],
    [
      0.0,
      1936.92138671875,
      259.0
    ],
    [
      0.0,
      0.0,
      1.0
    ]
  ],
  "16": [
    [
      1932.8172607421875,
      0.0,
      259.0
    ],
    [
      0.0,
      1932.8172607421875,
      259.0
    ],
    [
      0.0,
      0.0,
      1.0
    ]
  ],
  "17": [
    [
      1933.2418212890625,
      0.0,
      259.0
    ],
    [
      0.0,
      1933.2418212890625,
      259.0
    ],
    [
      0.0,
      0.0,
      1.0
    ]
  ]
}