{
  "0": [
    [
      577.87353515625,
      0.0,
      259.0
    ],
    [
      0.0,
      577.87353515625,
      259.0
    ],
    [
      0.0,
      0.0,
      1.0
    ]
  ],
  "1": [
    [
      580.1458129882812,
      0.0,
      259.0
    ],
    [
      0.0,
      580.1458129882812,
      259.0
    ],
    [
      0.0,
      0.0,
      1.0
    ]
  ],
  "2": [
    [
      579.2166748046875,
      0.0,
      259.0
    ],
    [
      0.0,
      579.2166748046875,
      259.0
    ],
    [
      0.0,
      0.0,
      1.0
    ]
  ],
  "3": [
    [
      579.3309936523438,
      0.0,
      259.0
    ],
    [
      0.0,
      579.3309936523438,
      259.0
    ],
    [
      0.0,
      0.0,
      1.0
    ]
  ],
  "4": [
    [
      579.9191284179688,
      0.0,
      259.0
    ],
    [
      0.0,
      579.9191284179688,
      259.0
    ],
    [
      0.0,
      0.0,
      1.0
    ]
  ],
  "5": [
    [
      580.9797973632812,
      0.0,
      259.0
    ],
    [
      0.0,
      580.9797973632812,
      259.0
    ],
    [
      0.0,
      0.0,
      1.0
    ]
  ],
  "6": [
    [
      579.4940795898438,
      0.0,
      259.0
    ],
    [
      0.0,
      579.4940795898438,
      259.0
    ],
    [
      0.0,
      0.0,
      1.0
    ]
  ],
  "7": [
    [
      578.2301635742188,
      0.0,
      259.0
    ],
    [
      0.0,
      578.2301635742188,
      259.0
    ],
    [
      0.0,
      0.0,
      1.0
    ]
  ],
  "8": [
    [
      577.4740600585938,
      0.0,
      259.0
    ],
    [
      0.0,
      577.4740600585938,
      259.0
    ],
    [
      0.0,
      0.0,
      1.0
    ]
  ],
  "9": [
    [
      577.063232421875,
      0.0,
      259.0
    ],
    [
      0.0,
      577.063232421875,
      259.0
    ],
    [
      0.0,
      0.0,
      1.0
    ]
  ],
  "10": [
    [
      576.5513916015625,
      0.0,
      259.0
    ],
    [
      0.0,
      576.5513916015625,
      259.0
    ],
    [
      0.0,
      0.0,
      1.0
    ]
  ],
  "11": [
    [
      576.9412841796875,
      0.0,
      259.0
    ],
    [
      0.0,
      576.9412841796875,
      259.0
    ],
    [
      0.0,
      0.0,
      1.0
    ]
  ],
  "12": [
    [
      577.2163696289062,
      0.0,
      259.0
    ],
    [
      0.0,
      577.2163696289062,
      259.0
    ],
    [
      0.0,
      0.0,
      1.0
    ]
  ],
  "13": [
    [
      577.5057373046875,
      0.0,
      259.0
    ],
    [
      0.0,
      577.5057373046875,
      259.0
    ],
    [
      0.0,
      0.0,
      1.0
    ]
  ],
  "14": [
    [
      576.9452514648438,
      0.0,
      259.0
    ],
    [
      0.0,
      576.9452514648438,
      259.0
    ],
    [
      0.0,
      0.0,
      1.0
    ]
  ],
  "15": [
    [
      576.9802856445312,
      0.0,
      259.0
    ],
    [
      0.0,
      576.9802856445312,
      259.0
    ],
    [
      0.0,
      0.0,
      1.0
    ]
  ],
  "16": [
    [
      576.8169555664062,
      0.0,
      259.0
    ],
    [
      0.0,
      576.8169555664062,
      259.0
    ],
    [
      0.0,
      0.0,
      1.0
    ]
  ],
  "17": [
    [
      576.5801391601562,
      0.0,
      259.0
    ],
    [
      0.0,
      576.5801391601562,
      259.0
    ],
    [
      0.0,
      0.0,
      1.0
    ]
  ],
  "18": [
    [
      576.6104125976562,
      0.0,
      259.0
    ],
    [
      0.0,
      576.6104125976562,
      259.0
    ],
    [
      0.0,
      0.0,
      1.0
    ]
  ],
  "19": [
    [
      576.7932739257812,
      0.0,
      259.0
    ],
    [
      0.0,
      576.7932739257812,
      259.0
    ],
    [
      0.0,
      0.0,
      1.0
    ]
  ],
  "20": [
    [
      576.8107299804688,
      0.0,
      259.0
    ],
    [
      0.0,
      576.8107299804688,
      259.0
    ],
    [
      0.0,
      0.0,
      1.0
    ]
  ],
  "21": [
    [
      576.7074584960938,
      0.0,
      259.0
    ],
    [
      0.0,
      576.7074584960938,
      259.0
    ],
    [
      0.0,
      0.0,
      1.0
    ]
  ],
  "22": [
    [
      577.9700317382812,
      0.0,
      259.0
    ],
    [
      0.0,
      577.9700317382812,
      259.0
    ],
    [
      0.0,
      0.0,
      1.0
    ]
  ]
}