{
  "0": [
    [
      1178.726318359375,
      0.0,
      259.0
    ],
    [
      0.0,
      1178.726318359375,
      259.0
    ],
    [
      0.0,
      0.0,
      1.0
    ]
  ],
  "1": [
    [
      1170.7415771484375,
      0.0,
      259.0
    ],
    [
      0.0,
      1170.7415771484375,
      259.0
    ],
    [
      0.0,
      0.0,
      1.0
    ]
  ],
  "2": [
    [
      1169.8602294921875,
      0.0,
      259.0
    ],
    [
      0.0,
      1169.8602294921875,
      259.0
    ],
    [
      0.0,
      0.0,
      1.0
    ]
  ],
  "3": [
    [
      1169.791748046875,
      0.0,
      259.0
    ],
    [
      0.0,
      1169.791748046875,
      259.0
    ],
    [
      0.0,
      0.0,
      1.0
    ]
  ],
  "4": [
    [
      1167.1759033203125,
      0.0,
      259.0
    ],
    [
      0.0,
      1167.1759033203125,
      259.0
    ],
    [
      0.0,
      0.0,
      1.0
    ]
  ],
  "5": [
    [
      1169.4664306640625,
      0.0,
      259.0
    ],
    [
      0.0,
      1169.4664306640625,
      259.0
    ],
    [
      0.0,
      0.0,
      1.0
    ]
  ],
  "6": [
    [
      1167.45556640625,
      0.0,
      259.0
    ],
    [
      0.0,
      1167.45556640625,
      259.0
    ],
    [
      0.0,
      0.0,
      1.0
    ]
  ],
  "7": [
    [
      1168.041259765625,
      0.0,
      259.0
    ],
    [
      0.0,
      1168.041259765625,
      259.0
    ],
    [
      0.0,
      0.0,
      1.0
    ]
  ],
  "8": [
    [
      1167.5421142578125,
      0.0,
      259.0
    ],
    [
      0.0,
      1167.5421142578125,
      259.0
    ],
    [
      0.0,
      0.0,
      1.0
    ]
  ],
  "9": [
    [
      1170.67919921875,
      0.0,
      259.0
    ],
    [
      0.0,
      1170.67919921875,
      259.0
    ],
    [
      0.0,
      0.0,
      1.0
    ]
  ],
  "10": [
    [
      1169.55224609375,
      0.0,
      259.0
    ],
    [
      0.0,
      1169.55224609375,
      259.0
    ],
    [
      0.0,
      0.0,
      1.0
    ]
  ],
  "11": [
    [
      1166.616943359375,
      0.0,
      259.0
    ],
    [
      0.0,
      1166.616943359375,
      259.0
    ],
    [
      0.0,
      0.0,
      1.0
    ]
  ],
  "12": [
    [
      1168.447509765625,
      0.0,
      259.0
    ],
    [
      0.0,
      1168.447509765625,
      259.0
    ],
    [
      0.0,
      0.0,
      1.0
    ]
  ],
  "13": [
    [
      1162.5574951171875,
      0.0,
      259.0
    ],
    [
      0.0,
      1162.5574951171875,
      259.0
    ],
    [
      0.0,
      0.0,
      1.0
    ]
  ],
  "14": [
    [
      1163.8770751953125,
      0.0,
      259.0
    ],
    [
      0.0,
      1163.8770751953125,
      259.0
    ],
    [
      0.0,
      0.0,
      1.0
    ]
  ],
  "15": [
    [
      1169.2205810546875,
      0.0,
      259.0
    ],
    [
      0.0,
      1169.2205810546875,
      259.0
    ],
    [
      0.0,
      0.0,
      1.0
    ]
  ],
  "16": [
    [
      1170.435302734375,
      0.0,
      259.0
    ],
    [
      0.0,
      1170.435302734375,
      259.0
    ],
    [
      0.0,
      0.0,
      1.0
    ]
  ],
  "17": [
    [
      1169.3212890625,
      0.0,
      259.0
    ],
    [
      0.0,
      1169.3212890625,
      259.0
    ],
    [
      0.0,
      0.0,
      1.0
    ]
  ],
  "18": [
    [
      1168.7430419921875,
      0.0,
      259.0
    ],
    [
      0.0,
      1168.7430419921875,
      259.0
    ],
    [
      0.0,
      0.0,
      1.0
    ]
  ],
  "19": [
    [
      1169.70263671875,
      0.0,
      259.0
    ],
    [
      0.0,
      1169.70263671875,
      259.0
    ],
    [
      0.0,
      0.0,
      1.0
    ]
  ],
  "20": [
    [
      1171.9556884765625,
      0.0,
      259.0
    ],
    [
      0.0,
      1171.9556884765625,
      259.0
    ],
    [
      0.0,
      0.0,
      1.0
    ]
  ],
  "21": [
    [
      1179.757568359375,
      0.0,
      259.0
    ],
    [
      0.0,
      1179.757568359375,
      259.0
    ],
    [
      0.0,
      0.0,
      1.0
    ]
  ],
  "22": [
    [
      1176.7694091796875,
      0.0,
      259.0
    ],
    [
      0.0,
      1176.7694091796875,
      259.0
    ],
    [
      0.0,
      0.0,
      1.0
    ]
  ],
  "23": [
    [
      1180.172119140625,
      0.0,
      259.0
    ],
    [
      0.0,
      1180.172119140625,
      259.0
    ],
    [
      0.0,
      0.0,
      1.0
    ]
  ],
  "24": [
    [
      1183.0196533203125,
      0.0,
      259.0
    ],
    [
      0.0,
      1183.0196533203125,
      259.0
    ],
    [
      0.0,
      0.0,
      1.0
    ]
  ],
  "25": [
    [
      1178.7137451171875,
      0.0,
      259.0
    ],
    [
      0.0,
      1178.7137451171875,
      259.0
    ],
    [
      0.0,
      0.0,
      1.0
    ]
  ],
  "26": [
    [
      1181.1607666015625,
      0.0,
      259.0
    ],
    [
      0.0,
      1181.1607666015625,
      259.0
    ],
    [
      0.0,
      0.0,
      1.0
    ]
  ],
  "27": [
    [
      1182.745361328125,
      0.0,
      259.0
    ],
    [
      0.0,
      1182.745361328125,
      259.0
    ],
    [
      0.0,
      0.0,
      1.0
    ]
  ],
  "28": [
    [
      1182.9384765625,
      0.0,
      259.0
    ],
    [
      0.0,
      1182.9384765625,
      259.0
    ],
    [
      0.0,
      0.0,
      1.0
    ]
  ],
  "29": [
    [
      1185.1683349609375,
      0.0,
      259.0
    ],
    [
      0.0,
      1185.1683349609375,
      259.0
    ],
    [
      0.0,
      0.0,
      1.0
    ]
  ],
  "30": [
    [
      1186.300048828125,
      0.0,
      259.0
    ],
    [
      0.0,
      1186.300048828125,
      259.0
    ],
    [
      0.0,
      0.0,
      1.0
    ]
  ],
  "31": [
    [
      1188.5469970703125,
      0.0,
      259.0
    ],
    [
      0.0,
      1188.5469970703125,
      259.0
    ],
    [
      0.0,
      0.0,
      1.0
    ]
  ],
  "32": [
    [
      1187.80810546875,
      0.0,
      259.0
    ],
    [
      0.0,
      1187.80810546875,
      259.0
    ],
    [
      0.0,
      0.0,
      1.0
    ]
  ],
  "33": [
    [
      1189.03076171875,
      0.0,
      259.0
    ],
    [
      0.0,
      1189.03076171875,
      259.0
    ],
    [
      0.0,
      0.0,
      1.0
    ]
  ],
  "34": [
    [
      1189.0648193359375,
      0.0,
      259.0
    ],
    [
      0.0,
      1189.0648193359375,
      259.0
    ],
    [
      0.0,
      0.0,
      1.0
    ]
  ],
  "35": [
    [
      1187.439697265625,
      0.0,
      259.0
    ],
    [
      0.0,
      1187.439697265625,
      259.0
    ],
    [
      0.0,
      0.0,
      1.0
    ]
  ],
  "36": [
    [
      1187.0513916015625,
      0.0,
      259.0
    ],
    [
      0.0,
      1187.0513916015625,
      259.0
    ],
    [
      0.0,
      0.0,
      1.0
    ]
  ],
  "37": [
    [
      1187.5137939453125,
      0.0,
      259.0
    ],
    [
      0.0,
      1187.5137939453125,
      259.0
    ],
    [
      0.0,
      0.0,
      1.0
    ]
  ],
  "38": [
    [
      1182.6824951171875,
      0.0,
      259.0
    ],
    [
      0.0,
      1182.6824951171875,
      259.0
    ],
    [
      0.0,
      0.0,
      1.0
    ]
  ],
  "39": [
    [
      1183.9764404296875,
      0.0,
      259.0
    ],
    [
      0.0,
      1183.9764404296875,
      259.0
    ],
    [
      0.0,
      0.0,
      1.0
    ]
  ],
  "40": [
    [
      1184.352783203125,
      0.0,
      259.0
    ],
    [
      0.0,
      1184.352783203125,
      259.0
    ],
    [
      0.0,
      0.0,
      1.0
    ]
  ],
  "41": [
    [
      1178.455322265625,
      0.0,
      259.0
    ],
    [
      0.0,
      1178.455322265625,
      259.0
    ],
    [
      0.0,
      0.0,
      1.0
    ]
  ],
  "42": [
    [
      1175.582763671875,
      0.0,
      259.0
    ],
    [
      0.0,
      1175.582763671875,
      259.0
    ],
    [
      0.0,
      0.0,
      1.0
    ]
  ],
  "43": [
    [
      1181.41259765625,
      0.0,
      259.0
    ],
    [
      0.0,
      1181.41259765625,
      259.0
    ],
    [
      0.0,
      0.0,
      1.0
    ]
  ],