{
  "0": [
    [
      568.9635620117188,
      0.0,
      259.0
    ],
    [
      0.0,
      568.9635620117188,
      259.0
    ],
    [
      0.0,
      0.0,
      1.0
    ]
  ],
  "1": [
    [
      572.825927734375,
      0.0,
      259.0
    ],
    [
      0.0,
      572.825927734375,
      259.0
    ],
    [
      0.0,
      0.0,
      1.0
    ]
  ],
  "2": [
    [
      572.116943359375,
      0.0,
      259.0
    ],
    [
      0.0,
      572.116943359375,
      259.0
    ],
    [
      0.0,
      0.0,
      1.0
    ]
  ],
  "3": [
    [
      571.8123168945312,
      0.0,
      259.0
    ],
    [
      0.0,
      571.8123168945312,
      259.0
    ],
    [
      0.0,
      0.0,
      1.0
    ]
  ],
  "4": [
    [
      571.0997314453125,
      0.0,
      259.0
    ],
    [
      0.0,
      571.0997314453125,
      259.0
    ],
    [
      0.0,
      0.0,
      1.0
    ]
  ],
  "5": [
    [
      570.6769409179688,
      0.0,
      259.0
    ],
    [
      0.0,
      570.6769409179688,
      259.0
    ],
    [
      0.0,
      0.0,
      1.0
    ]
  ],
  "6": [
    [
      570.9839477539062,
      0.0,
      259.0
    ],
    [
      0.0,
      570.9839477539062,
      259.0
    ],
    [
      0.0,
      0.0,
      1.0
    ]
  ],
  "7": [
    [
      568.7957763671875,
      0.0,
      259.0
    ],
    [
      0.0,
      568.7957763671875,
      259.0
    ],
    [
      0.0,
      0.0,
      1.0
    ]
  ],
  "8": [
    [
      567.25732421875,
      0.0,
      259.0
    ],
    [
      0.0,
      567.25732421875,
      259.0
    ],
    [
      0.0,
      0.0,
      1.0
    ]
  ],
  "9": [
    [
      567.2946166992188,
      0.0,
      259.0
    ],
    [
      0.0,
      567.2946166992188,
      259.0
    ],
    [
      0.0,
      0.0,
      1.0
    ]
  ],
  "10": [
    [
      567.2837524414062,
      0.0,
      259.0
    ],
    [
      0.0,
      567.2837524414062,
      259.0
    ],
    [
      0.0,
      0.0,
      1.0
    ]
  ],
  "11": [
    [
      567.6560668945312,
      0.0,
      259.0
    ],
    [
      0.0,
      567.6560668945312,
      259.0
    ],
    [
      0.0,
      0.0,
      1.0
    ]
  ],
  "12": [
    [
      568.7042846679688,
      0.0,
      259.0
    ],
    [
      0.0,
      568.7042846679688,
      259.0
    ],
    [
      0.0,
      0.0,
      1.0
    ]
  ],
  "13": [
    [
      567.4263305664062,
      0.0,
      259.0
    ],
    [
      0.0,
      567.4263305664062,
      259.0
    ],
    [
      0.0,
      0.0,
      1.0
    ]
  ],
  "14": [
    [
      567.251953125,
      0.0,
      259.0
    ],
    [
      0.0,
      567.251953125,
      259.0
    ],
    [
      0.0,
      0.0,
      1.0
    ]
  ],
  "15": [
    [
      566.7516479492188,
      0.0,
      259.0
    ],
    [
      0.0,
      566.7516479492188,
      259.0
    ],
    [
      0.0,
      0.0,
      1.0
    ]
  ],
  "16": [
    [
      566.2406616210938,
      0.0,
      259.0
    ],
    [
      0.0,
      566.2406616210938,
      259.0
    ],
    [
      0.0,
      0.0,
      1.0
    ]
  ],
  "17": [
    [
      566.466552734375,
      0.0,
      259.0
    ],
    [
      0.0,
      566.466552734375,
      259.0
    ],
    [
      0.0,
      0.0,
      1.0
    ]
  ],
  "18": [
    [
      566.1322021484375,
      0.0,
      259.0
    ],
    [
      0.0,
      566.1322021484375,
      259.0
    ],
    [
      0.0,
      0.0,
      1.0
    ]
  ],
  "19": [
    [
      566.14892578125,
      0.0,
      259.0
    ],
    [
      0.0,
      566.14892578125,
      259.0
    ],
    [
      0.0,
      0.0,
      1.0
    ]
  ],
  "20": [
    [
      566.5984497070312,
      0.0,
      259.0
    ],
    [
      0.0,
      566.5984497070312,
      259.0
    ],
    [
      0.0,
      0.0,
      1.0
    ]
  ],
  "21": [
    [
      566.6845092773438,
      0.0,
      259.0
    ],
    [
      0.0,
      566.6845092773438,
      259.0
    ],
    [
      0.0,
      0.0,
      1.0
    ]
  ]
}