{
  "0": [
    [
      572.6509399414062,
      0.0,
      259.0
    ],
    [
      0.0,
      572.6509399414062,
      259.0
    ],
    [
      0.0,
      0.0,
      1.0
    ]
  ],
  "1": [
    [
      575.3961791992188,
      0.0,
      259.0
    ],
    [
      0.0,
      575.3961791992188,
      259.0
    ],
    [
      0.0,
      0.0,
      1.0
    ]
  ],
  "2": [
    [
      576.4331665039062,
      0.0,
      259.0
    ],
    [
      0.0,
      576.4331665039062,
      259.0
    ],
    [
      0.0,
      0.0,
      1.0
    ]
  ],
  "3": [
    [
      576.5879516601562,
      0.0,
      259.0
    ],
    [
      0.0,
      576.5879516601562,
      259.0
    ],
    [
      0.0,
      0.0,
      1.0
    ]
  ],
  "4": [
    [
      576.4111938476562,
      0.0,
      259.0
    ],
    [
      0.0,
      576.4111938476562,
      259.0
    ],
    [
      0.0,
      0.0,
      1.0
    ]
  ],
  "5": [
    [
      574.8448486328125,
      0.0,
      259.0
    ],
    [
      0.0,
      574.8448486328125,
      259.0
    ],
    [
      0.0,
      0.0,
      1.0
    ]
  ],
  "6": [
    [
      576.0009765625,
      0.0,
      259.0
    ],
    [
      0.0,
      576.0009765625,
      259.0
    ],
    [
      0.0,
      0.0,
      1.0
    ]
  ],
  "7": [
    [
      576.023193359375,
      0.0,
      259.0
    ],
    [
      0.0,
      576.023193359375,
      259.0
    ],
    [
      0.0,
      0.0,
      1.0
    ]
  ],
  "8": [
    [
      575.5068969726562,
      0.0,
      259.0
    ],
    [
      0.0,
      575.5068969726562,
      259.0
    ],
    [
      0.0,
      0.0,
      1.0
    ]
  ],
  "9": [
    [
      575.9967041015625,
      0.0,
      259.0
    ],
    [
      0.0,
      575.9967041015625,
      259.0
    ],
    [
      0.0,
      0.0,
      1.0
    ]
  ],
  "10": [
    [
      575.0242919921875,
      0.0,
      259.0
    ],
    [
      0.0,
      575.0242919921875,
      259.0
    ],
    [
      0.0,
      0.0,
      1.0
    ]
  ],
  "11": [
    [
      574.2996826171875,
      0.0,
      259.0
    ],
    [
      0.0,
      574.2996826171875,
      259.0
    ],
    [
      0.0,
      0.0,
      1.0
    ]
  ],
  "12": [
    [
      575.25,
      0.0,
      259.0
    ],
    [
      0.0,
      575.25,
      259.0
    ],
    [
      0.0,
      0.0,
      1.0
    ]
  ],
  "13": [
    [
      574.9977416992188,
      0.0,
      259.0
    ],
    [
      0.0,
      574.9977416992188,
      259.0
    ],
    [
      0.0,
      0.0,
      1.0
    ]
  ],
  "14": [
    [
      575.0523071289062,
      0.0,
      259.0
    ],
    [
      0.0,
      575.0523071289062,
      259.0
    ],
    [
      0.0,
      0.0,
      1.0
    ]
  ],
  "15": [
    [
      574.5037231445312,
      0.0,
      259.0
    ],
    [
      0.0,
      574.5037231445312,
      259.0
    ],
    [
      0.0,
      0.0,
      1.0
    ]
  ],
  "16": [
    [
      574.6033935546875,
      0.0,
      259.0
    ],
    [
      0.0,
      574.6033935546875,
      259.0
    ],
    [
      0.0,
      0.0,
      1.0
    ]
  ],
  "17": [
    [
      574.4940795898438,
      0.0,
      259.0
    ],
    [
      0.0,
      574.4940795898438,
      259.0
    ],
    [
      0.0,
      0.0,
      1.0
    ]
  ],
  "18": [
    [
      574.025390625,
      0.0,
      259.0
    ],
    [
      0.0,
      574.025390625,
      259.0
    ],
    [
      0.0,
      0.0,
      1.0
    ]
  ],
  "19": [
    [
      574.0736694335938,
      0.0,
      259.0
    ],
    [
      0.0,
      574.0736694335938,
      259.0
    ],
    [
      0.0,
      0.0,
      1.0
    ]
  ],
  "20": [
    [
      574.189208984375,
      0.0,
      259.0
    ],
    [
      0.0,
      574.189208984375,
      259.0
    ],
    [
      0.0,
      0.0,
      1.0
    ]
  ]
}