{
  "0": [
    [
      1879.1939697265625,
      0.0,
      259.0
    ],
    [
      0.0,
      1870.729248046875,
      238.0
    ],
    [
      0.0,
      0.0,
      1.0
    ]
  ],
  "1": [
    [
      1834.591552734375,
      0.0,
      259.0
    ],
    [
      0.0,
      1826.32763671875,
      238.0
    ],
    [
      0.0,
      0.0,
      1.0
    ]
  ],
  "2": [
    [
      1818.520263671875,
      0.0,
      259.0
    ],
    [
      0.0,
      1810.3287353515625,
      238.0
    ],
    [
      0.0,
      0.0,
      1.0
    ]
  ],
  "3": [
    [
      1842.05419921875,
      0.0,
      259.0
    ],
    [
      0.0,
      1833.7567138671875,
      238.0
    ],
    [
      0.0,
      0.0,
      1.0
    ]
  ],
  "4": [
    [
      1817.7767333984375,
      0.0,
      259.0
    ],
    [
      0.0,
      1809.588623046875,
      238.0
    ],
    [
      0.0,
      0.0,
      1.0
    ]
  ],
  "5": [
    [
      1812.065673828125,
      0.0,
      259.0
    ],
    [
      0.0,
      1803.9031982421875,
      238.0
    ],
    [
      0.0,
      0.0,
      1.0
    ]
  ],
  "6": [
    [
      1815.23779296875,
      0.0,
      259.0
    ],
    [
      0.0,
      1807.06103515625,
      238.0
    ],
    [
      0.0,
      0.0,
      1.0
    ]
  ],
  "7": [
    [
      1829.240234375,
      0.0,
      259.0
    ],
    [
      0.0,
      1821.00048828125,
      238.0
    ],
    [
      0.0,
      0.0,
      1.0
    ]
  ],
  "8": [
    [
      1836.064697265625,
      0.0,
      259.0
    ],
    [
      0.0,
      1827.7940673828125,
      238.0
    ],
    [
      0.0,
      0.0,
      1.0
    ]
  ],
  "9": [
    [
      1828.7340087890625,
      0.0,
      259.0
    ],
    [
      0.0,
      1820.4964599609375,
      238.0
    ],
    [
      0.0,
      0.0,
      1.0
    ]
  ],
  "10": [
    [
      1816.8763427734375,
      0.0,
      259.0
    ],
    [
      0.0,
      1808.6922607421875,
      238.0
    ],
    [
      0.0,
      0.0,
      1.0
    ]
  ],
  "11": [
    [
      1802.8505859375,
      0.0,
      259.0
    ],
    [
      0.0,
      1794.729736328125,
      238.0
    ],
    [
      0.0,
      0.0,
      1.0
    ]
  ],
  "12": [
    [
      1802.5631103515625,
      0.0,
      259.0
    ],
    [
      0.0,
      1794.4434814453125,
      238.0
    ],
    [
      0.0,
      0.0,
      1.0
    ]
  ],
  "13": [
    [
      1798.915283203125,
      0.0,
      259.0
    ],
    [
      0.0,
      1790.81201171875,
      238.0
    ],
    [
      0.0,
      0.0,
      1.0
    ]
  ],
  "14": [
    [
      1809.7230224609375,
      0.0,
      259.0
    ],
    [
      0.0,
      1801.571044921875,
      238.0
    ],
    [
      0.0,
      0.0,
      1.0
    ]
  ],
  "15": [
    [
      1813.497802734375,
      0.0,
      259.0
    ],
    [
      0.0,
      1805.328857421875,
      238.0
    ],
    [
      0.0,
      0.0,
      1.0
    ]
  ],
  "16": [
    [
      1837.337646484375,
      0.0,
      259.0
    ],
    [
      0.0,
      1829.0614013671875,
      238.0
    ],
    [
      0.0,
      0.0,
      1.0
    ]
  ],
  "17": [
    [
      1841.5142822265625,
      0.0,
      259.0
    ],
    [
      0.0,
      1833.21923828125,
      238.0
    ],
    [
      0.0,
      0.0,
      1.0
    ]
  ],
  "18": [
    [
      1838.5748291015625,
      0.0,
      259.0
    ],
    [
      0.0,
      1830.29296875,
      238.0
    ],
    [
      0.0,
      0.0,
      1.0
    ]
  ],
  "19": [
    [
      1832.1923828125,
      0.0,
      259.0
    ],
    [
      0.0,
      1823.939208984375,
      238.0
    ],
    [
      0.0,
      0.0,
      1.0
    ]
  ],
  "20": [
    [
      1844.376708984375,
      0.0,
      259.0
    ],
    [
      0.0,
      1836.0687255859375,
      238.0
    ],
    [
      0.0,
      0.0,
      1.0
    ]
  ],
  "21": [
    [
      1851.23974609375,
      0.0,
      259.0
    ],
    [
      0.0,
      1842.90087890625,
      238.0
    ],
    [
      0.0,
      0.0,
      1.0
    ]
  ]
}