{
  "0": [
    [
      2014.3812255859375,
      0.0,
      259.0
    ],
    [
      0.0,
      1984.891357421875,
      245.0
    ],
    [
      0.0,
      0.0,
      1.0
    ]
  ],
  "1": [
    [
      1983.0628662109375,
      0.0,
      259.0
    ],
    [
      0.0,
      1954.0316162109375,
      245.0
    ],
    [
      0.0,
      0.0,
      1.0
    ]
  ],
  "2": [
    [
      1989.6153564453125,
      0.0,
      259.0
    ],
    [
      0.0,
      1960.4881591796875,
      245.0
    ],
    [
      0.0,
      0.0,
      1.0
    ]
  ],
  "3": [
    [
      1996.2730712890625,
      0.0,
      259.0
    ],
    [
      0.0,
      1967.04833984375,
      245.0
    ],
    [
      0.0,
      0.0,
      1.0
    ]
  ],
  "4": [
    [
      1998.491943359375,
      0.0,
      259.0
    ],
    [
      0.0,
      1969.2347412109375,
      245.0
    ],
    [
      0.0,
      0.0,
      1.0
    ]
  ],
  "5": [
    [
      2004.29345703125,
      0.0,
      259.0
    ],
    [
      0.0,
      1974.9512939453125,
      245.0
    ],
    [
      0.0,
      0.0,
      1.0
    ]
  ],
  "6": [
    [
      2002.25341796875,
      0.0,
      259.0
    ],
    [
      0.0,
      1972.941162109375,
      245.0
    ],
    [
      0.0,
      0.0,
      1.0
    ]
  ],
  "7": [
    [
      1989.67431640625,
      0.0,
      259.0
    ],
    [
      0.0,
      1960.5462646484375,
      245.0
    ],
    [
      0.0,
      0.0,
      1.0
    ]
  ],
  "8": [
    [
      1993.5137939453125,
      0.0,
      259.0
    ],
    [
      0.0,
      1964.3294677734375,
      245.0
    ],
    [
      0.0,
      0.0,
      1.0
    ]
  ],
  "9": [
    [
      1988.2591552734375,
      0.0,
      259.0
    ],
    [
      0.0,
      1959.1517333984375,
      245.0
    ],
    [
      0.0,
      0.0,
      1.0
    ]
  ],
  "10": [
    [
      1994.1585693359375,
      0.0,
      259.0
    ],
    [
      0.0,
      1964.96484375,
      245.0
    ],
    [
      0.0,
      0.0,
      1.0
    ]
  ],
  "11": [
    [
      1989.4334716796875,
      0.0,
      259.0
    ],
    [
      0.0,
      1960.3089599609375,
      245.0
    ],
    [
      0.0,
      0.0,
      1.0
    ]
  ],
  "12": [
    [
      1967.4124755859375,
      0.0,
      259.0
    ],
    [
      0.0,
      1938.6103515625,
      245.0
    ],
    [
      0.0,
      0.0,
      1.0
    ]
  ],
  "13": [
    [
      1971.84814453125,
      0.0,
      259.0
    ],
    [
      0.0,
      1942.9810791015625,
      245.0
    ],
    [
      0.0,
      0.0,
      1.0
    ]
  ],
  "14": [
    [
      1982.5001220703125,
      0.0,
      259.0
    ],
    [
      0.0,
      1953.47705078125,
      245.0
    ],
    [
      0.0,
      0.0,
      1.0
    ]
  ],
  "15": [
    [
      1959.9649658203125,
      0.0,
      259.0
    ],
    [
      0.0,
      1931.2718505859375,
      245.0
    ],
    [
      0.0,
      0.0,
      1.0
    ]
  ]
}