{
  "0": [
    [
      1339.67431640625,
      0.0,
      259.0
    ],
    [
      0.0,
      1320.0618896484375,
      245.0
    ],
    [
      0.0,
      0.0,
      1.0
    ]
  ],
  "1": [
    [
      1308.7960205078125,
      0.0,
      259.0
    ],
    [
      0.0,
      1289.6357421875,
      245.0
    ],
    [
      0.0,
      0.0,
      1.0
    ]
  ],
  "2": [
    [
      1300.468505859375,
      0.0,
      259.0
    ],
    [
      0.0,
      1281.43017578125,
      245.0
    ],
    [
      0.0,
      0.0,
      1.0
    ]
  ],
  "3": [
    [
      1306.717041015625,
      0.0,
      259.0
    ],
    [
      0.0,
      1287.5872802734375,
      245.0
    ],
    [
      0.0,
      0.0,
      1.0
    ]
  ],
  "4": [
    [
      1312.3634033203125,
      0.0,
      259.0
    ],
    [
      0.0,
      1293.1510009765625,
      245.0
    ],
    [
      0.0,
      0.0,
      1.0
    ]
  ],
  "5": [
    [
      1311.06787109375,
      0.0,
      259.0
    ],
    [
      0.0,
      1291.8743896484375,
      245.0
    ],
    [
      0.0,
      0.0,
      1.0
    ]
  ],
  "6": [
    [
      1313.106201171875,
      0.0,
      259.0
    ],
    [
      0.0,
      1293.8828125,
      245.0
    ],
    [
      0.0,
      0.0,
      1.0
    ]
  ],
  "7": [
    [
      1313.3995361328125,
      0.0,
      259.0
    ],
    [
      0.0,
      1294.171875,
      245.0
    ],
    [
      0.0,
      0.0,
      1.0
    ]
  ],
  "8": [
    [
      1313.9276123046875,
      0.0,
      259.0
    ],
    [
      0.0,
      1294.692138671875,
      245.0
    ],
    [
      0.0,
      0.0,
      1.0
    ]
  ],
  "9": [
    [
      1310.14306640625,
      0.0,
      259.0
    ],
    [
      0.0,
      1290.9630126953125,
      245.0
    ],
    [
      0.0,
      0.0,
      1.0
    ]
  ],
  "10": [
    [
      1290.6243896484375,
      0.0,
      259.0
    ],
    [
      0.0,
      1271.7301025390625,
      245.0
    ],
    [
      0.0,
      0.0,
      1.0
    ]
  ],
  "11": [
    [
      1288.420654296875,
      0.0,
      259.0
    ],
    [
      0.0,
      1269.5587158203125,
      245.0
    ],
    [
      0.0,
      0.0,
      1.0
    ]
  ],
  "12": [
    [
      1288.32470703125,
      0.0,
      259.0
    ],
    [
      0.0,
      1269.464111328125,
      245.0
    ],
    [
      0.0,
      0.0,
      1.0
    ]
  ],
  "13": [
    [
      1283.555908203125,
      0.0,
      259.0
    ],
    [
      0.0,
      1264.7650146484375,
      245.0
    ],
    [
      0.0,
      0.0,
      1.0
    ]
  ],
  "14": [
    [
      1285.76025390625,
      0.0,
      259.0
    ],
    [
      0.0,
      1266.937255859375,
      245.0
    ],
    [
      0.0,
      0.0,
      1.0
    ]
  ]
}